date,repo,views,view_uniques,clones,clone_uniques,stars,forks
2026-04-23,dtlab,0,0,0,0,0,0
2026-04-23,esp32-ble-kbd-host,0,0,0,0,1,0
2026-04-23,esp32-gh-dashboard,0,0,30,7,0,0
2026-04-23,esp32-idf-new,0,0,11,3,0,0
2026-04-23,esp32-notes,0,0,8,2,0,0
2026-04-23,esp32-p4-demos,0,0,0,0,1,0
2026-04-23,esp32-p4-webradio,1,1,4,1,0,0
2026-04-23,esp32-p4-wifi-starter,0,0,2,1,1,0
2026-04-23,esp32-t4-demos,0,0,0,0,0,0
2026-04-23,esp32-terminal,0,0,37,8,1,0
2026-04-23,esp32-video-stream,0,0,0,0,0,0
2026-04-23,esp32-wolfssh-client,0,0,4,1,0,0
2026-04-23,github-traffic-log,0,0,49,18,0,0
2026-04-23,m5stack-tab5-video-stream,0,0,1,1,0,0
2026-04-23,shell-toys,0,0,0,0,0,0
2026-04-24,dtlab,0,0,0,0,0,0
2026-04-24,esp32-ble-kbd-host,0,0,8,1,1,0
2026-04-24,esp32-gh-dashboard,0,0,0,0,0,0
2026-04-24,esp32-idf-new,0,0,6,3,0,0
2026-04-24,esp32-p4-demos,1,1,0,0,1,0
2026-04-24,esp32-p4-webradio,0,0,0,0,0,0
2026-04-24,esp32-p4-wifi-starter,2,2,0,0,1,0
2026-04-24,esp32-terminal,0,0,12,2,1,0
2026-04-24,esp32-video-stream,1,1,0,0,0,0
2026-04-24,esp32-wolfssh-client,0,0,4,1,0,0
2026-04-24,github-traffic-log,0,0,25,13,0,0
2026-04-24,m5stack-tab5-video-stream,0,0,5,2,0,0
